num,date,air_pressure,high_tem,aver_tem,low_tem,humidity,sunlight_time,wind_direction,wind_speed,rain_accum
1,2020-10-1,1009.5,26.9,25.8,24.6,83,0.2,90,16,7.6
2,2020-10-2,1010.9,28.8,26.7,25.5,76,6.6,90,14,0
3,2020-10-3,1011.5,29.5,27.2,25.6,79,9.2,90,10,0
4,2020-10-4,1010.3,32,27.8,25.9,78,9.3,202.5,7,0
5,2020-10-5,1011.3,30.5,26.9,24.8,83,2.7,90,12,3.6
6,2020-10-6,1013.9,27.2,25.2,23.6,80,0.4,22.5,17,1.4
7,2020-10-7,1015,25.5,23.7,22.3,75,0,22.5,21,0
8,2020-10-8,1015.5,26.5,23.7,22,71,5.4,22.5,20,0
9,2020-10-9,1015.2,28.2,24.2,21.8,68,7.6,360,15,0
10,2020-10-10,1013.1,29,24.9,22.4,68,9.5,22.5,12,0
11,2020-10-11,1010.6,30,25.9,23.3,75,8.8,22.5,10,0
12,2020-10-12,1008.9,30.2,27.2,24.4,73,9.9,22.5,12,0
13,2020-10-13,1009.4,26.8,24.5,23,88,0,45,25,26.2
14,2020-10-14,1012.4,26.1,25,23.7,82,0,67.5,28,1.8
15,2020-10-15,1013.7,29.6,25.8,24.2,74,7.6,67.5,18,0
16,2020-10-16,1013.6,29.6,26,24.3,76,4.4,22.5,14,0
17,2020-10-17,1015,26.8,24.4,21.9,76,4,22.5,18,0.8
18,2020-10-18,1015.9,27.1,23.8,20.8,72,7.9,22.5,17,0.1
19,2020-10-19,1016.3,26.3,23,20.6,71,4.3,22.5,19,0.1
20,2020-10-20,1015.6,27.1,23.2,20.3,69,8,360,16,0
21,2020-10-21,1012.7,26.3,22.6,19.6,66,9.1,360,18,0
22,2020-10-22,1010,26.4,23.1,20.7,62,8.2,360,22,0
23,2020-10-23,1011.8,24,22.4,20.5,52,1.7,22.5,23,0
24,2020-10-24,1014.1,23.6,22.2,19.5,56,0.1,22.5,18,0.4
25,2020-10-25,1015,27.5,23.3,21.2,70,5.8,90,11,0
26,2020-10-26,1013.8,27.8,23.8,21.8,78,9.6,90,11,0
27,2020-10-27,1013,29.3,24.4,21.8,77,9.3,90,13,0
28,2020-10-28,1015.1,24.5,23.1,21.5,84,0,22.5,12,8.2
29,2020-10-29,1017.7,25.3,22.9,21.2,86,0.3,22.5,14,1.2
30,2020-10-30,1018.5,26.6,23.2,21.7,82,2.6,22.5,12,0.1
31,2020-10-31,1017.9,25.8,22.2,20.7,76,3.1,90,11,0.1
1,2020-11-1,1016.2,27,23.4,20.9,73,8.4,22.5,6,0
2,2020-11-2,1015.7,27.9,23.9,20.8,71,8.4,360,13,0
3,2020-11-3,1017.3,26,22.6,19.8,70,4.6,22.5,14,0.1
4,2020-11-4,1017.7,26.4,22.2,19.5,72,6.5,90,12,0.1
5,2020-11-5,1017.9,26.3,22.4,19.9,70,9.6,90,10,0
6,2020-11-6,1016.4,28.7,24.1,19.8,68,9.2,22.5,8,0
7,2020-11-7,1016.2,29.1,25.4,22.4,58,9.5,360,13,0
8,2020-11-8,1017.4,27.8,24.7,22.8,59,5.3,22.5,17,0
9,2020-11-9,1018,27,23.2,21.3,54,7.4,22.5,16,0
10,2020-11-10,1019.4,23.7,22,21,58,0,22.5,13,0
11,2020-11-11,1021,25.6,22,20.4,64,6.8,22.5,12,0
12,2020-11-12,1019.2,26,21.4,18.6,65,9.8,22.5,12,0
13,2020-11-13,1017.2,25.7,22,19.3,60,0.9,22.5,14,0.1
14,2020-11-14,1017.8,24.2,22,20.5,66,0.2,22.5,16,0.1
15,2020-11-15,1019.4,26.1,21.9,20.1,81,2.3,22.5,10,0.4
16,2020-11-16,1018.2,28.4,23.1,20,79,9.6,22.5,8,0
17,2020-11-17,1015.6,25.3,23.2,21.4,81,4.5,90,13,0.1
18,2020-11-18,1013.4,27.8,23.8,22.5,84,1.5,112.5,8,0
19,2020-11-19,1012.2,27.9,24.2,22.4,90,3.7,157.5,6,1
20,2020-11-20,1013,30.5,24.8,22.8,86,7.8,157.5,6,0.1
21,2020-11-21,1014.8,23.5,22.7,22,92,0,90,13,0
22,2020-11-22,1017.5,29.5,24.2,21.8,84,7.7,22.5,8,0.2
23,2020-11-23,1019.7,24.1,22.5,21.4,84,0.9,90,14,0.1
24,2020-11-24,1019.7,25.8,22.1,20.5,78,6.1,22.5,10,0
25,2020-11-25,1019.1,26.2,22.8,20.8,79,7.7,22.5,10,0
26,2020-11-26,1019.6,27.4,23.1,21.1,79,8,22.5,10,0
27,2020-11-27,1021.2,23.6,21.1,18.9,71,9.3,360,15,0
28,2020-11-28,1022.6,22.3,19,16,68,4.7,360,15,0
29,2020-11-29,1022.4,21.9,18.2,15.9,64,4.5,360,13,0
30,2020-11-30,1023,20.6,17.5,14.5,66,6.4,360,15,0.1
1,2020-12-1,1022.8,21.6,17.8,14.6,66,8.8,360,12,0
2,2020-12-2,1021.1,22.1,18,15,67,9.1,360,12,0
3,2020-12-3,1021.9,18.7,15.9,14,65,8.7,360,17,0
4,2020-12-4,1022.2,16.6,14.3,11.7,64,9,360,17,0
5,2020-12-5,1022.2,18.2,14.8,11.5,64,8.6,360,14,0
6,2020-12-6,1021,20.2,16.4,13,65,9.1,22.5,10,0
7,2020-12-7,1021,21.7,18.4,15.5,61,3.9,337.5,11,0
8,2020-12-8,1020.4,21,17.6,14.3,61,7.2,360,11,0
9,2020-12-9,1018.2,21.1,18.1,15.8,67,0.8,22.5,9,0
10,2020-12-10,1017.1,22.8,20,18,71,0.3,360,9,0.1
11,2020-12-11,1016.2,23.3,19.9,18.7,84,0.9,22.5,7,0.1
12,2020-12-12,1015.5,21.4,19.4,18,84,0,360,8,0.2
13,2020-12-13,1014.8,21.3,19.8,18.9,83,0.1,112.5,11,0
14,2020-12-14,1018.4,20,17.3,13.2,85,0,360,11,0
15,2020-12-15,1023,14.1,12.4,10.7,74,0,360,15,0
16,2020-12-16,1024.3,14.3,12.1,10.1,72,1,360,14,0
17,2020-12-17,1023,14.5,12,10,71,0,360,12,0
18,2020-12-18,1022.4,16.3,13.6,11.6,68,2.1,360,12,0
19,2020-12-19,1024.4,14.8,12.3,9.8,61,1,360,14,0
20,2020-12-20,1024.9,16.7,13.1,10.3,55,6,360,14,0
21,2020-12-21,1022.8,17.7,14.2,10.6,53,7.9,360,13,0
22,2020-12-22,1020.1,19.3,15.3,12.4,61,0.8,360,9,0
23,2020-12-23,1017.3,20.2,17.4,14.9,72,0.2,22.5,8,0.1
24,2020-12-24,1016.8,22.9,19,17.2,72,6,360,9,0
25,2020-12-25,1019,20.7,17.6,16.5,74,0.7,22.5,10,0
26,2020-12-26,1018.3,19.6,17.7,16.2,79,5.5,112.5,13,0
27,2020-12-27,1016.2,24.7,19.9,16.7,66,9.4,360,7,0
28,2020-12-28,1015,22.8,19.4,17.1,76,9,112.5,10,0
29,2020-12-29,1015.2,24,20.3,17.8,75,8,112.5,7,0
30,2020-12-30,1023.3,20.1,13.6,9.6,51,9,360,26,0
31,2020-12-31,1027.4,13.3,9.7,6.7,37,9.1,360,22,0
1,2021-1-1,1026,14.5,10.5,7.3,36,9.1,22.5,15,0
2,2021-1-2,1023.2,18.2,13,9,43,9.2,22.5,10,0
3,2021-1-3,1022.3,20.6,15.5,11.8,62,8.6,22.5,11,0
4,2021-1-4,1021.4,21.2,17,15.3,56,0.7,22.5,7,0
5,2021-1-5,1020.4,21.9,17.9,16,53,2.2,22.5,7,0
6,2021-1-6,1020.2,20.2,16,14.4,69,1.9,22.5,10,0
7,2021-1-7,1021.2,16.5,13.9,9.3,68,0.2,22.5,18,0
8,2021-1-8,1025.6,9.4,7.5,6.1,57,0,360,25,0
9,2021-1-9,1024.9,11.3,9.1,6.9,34,0.8,360,17,0
10,2021-1-10,1023.7,14.2,11.4,10.3,36,0.3,22.5,14,0
11,2021-1-11,1026.5,10.8,8.6,7.1,44,0,360,18,0.1
12,2021-1-12,1024.3,14.8,10,6.3,33,9.2,360,16,0
13,2021-1-13,1020.2,17.9,12.2,8.2,42,9.5,22.5,7,0
14,2021-1-14,1018.1,20,14.2,9.6,58,7.7,157.5,6,0
15,2021-1-15,1016.3,21.2,16.5,12.2,56,8,135,6,0
16,2021-1-16,1017.5,21,16.6,13.2,68,5.7,90,9,0
17,2021-1-17,1023.8,18.5,15.4,12.7,56,5.8,360,15,0
18,2021-1-18,1023.7,16.9,13.1,9.8,46,8.6,360,11,0
19,2021-1-19,1020.5,19.8,14.7,10.9,65,8.3,22.5,8,0
20,2021-1-20,1018.3,21.6,17.4,14.3,67,0.6,22.5,7,0
21,2021-1-21,1015.8,24.8,19.7,16.2,68,3.9,22.5,5,0.1
22,2021-1-22,1013.9,25.4,20.4,17.8,77,5.4,315,7,0.1
23,2021-1-23,1014.4,24.2,19.8,16.5,72,9.1,22.5,8,0
24,2021-1-24,1017.1,20.1,17.7,16.2,85,4.8,90,10,0
25,2021-1-25,1017.8,23.5,18.1,16.2,77,6.9,90,9,0.1
26,2021-1-26,1017.2,24.7,19.6,16.7,78,6.3,157.5,4,0
27,2021-1-27,1018.1,23.1,18.1,16.4,77,6.2,90,8,0
28,2021-1-28,1021.1,21.9,17.8,15.2,74,4,22.5,10,0
29,2021-1-29,1022.9,20.6,15.8,13,59,9.4,22.5,14,0
30,2021-1-30,1022.6,19.7,16.2,14,71,8.7,90,12,0
31,2021-1-31,1021.8,22.9,18,14.6,68,9.4,90,8,0
1,2021-2-1,1019.7,25.6,19.1,15.6,78,9.3,22.5,7,0
2,2021-2-2,1019.9,27.2,20.5,16.8,75,9.2,22.5,8,0
3,2021-2-3,1022.2,20.9,17.7,16.1,74,8.1,90,15,0
4,2021-2-4,1021.9,23.4,18.6,15.2,72,9.2,90,8,0
5,2021-2-5,1020.1,24.9,18.9,16.1,75,9.6,90,10,0
6,2021-2-6,1017.8,26.4,20.2,15.9,67,9.9,22.5,5,0
7,2021-2-7,1017.8,23.7,19.2,16.2,78,9.4,157.5,7,0
8,2021-2-8,1018.9,22.9,19.4,17.3,80,4.6,90,12,0
9,2021-2-9,1017.6,18.7,17.8,17.2,77,0,90,18,0.1
10,2021-2-10,1014.2,17.4,15.2,14,94,0,360,16,38
11,2021-2-11,1015.2,20,16,13.1,84,5,360,10,0
12,2021-2-12,1016.8,21.8,17.7,13.6,71,9.7,360,8,0
13,2021-2-13,1017.6,22.8,17.9,14.7,75,7.6,157.5,7,0
14,2021-2-14,1016.5,24.3,19,15.6,79,8.8,247.5,6,0
15,2021-2-15,1015.2,25.8,20,16.1,75,10,157.5,9,0
16,2021-2-16,1016.4,23.5,19.4,17.3,76,10,90,8,0
17,2021-2-17,1019.8,23.2,19.6,17.5,70,9.7,360,12,0
18,2021-2-18,1024.7,22.3,18,16.1,57,9.9,45,10,0
19,2021-2-19,1023.7,22.6,17.8,15.4,66,9.8,90,10,0
20,2021-2-20,1020.2,22.4,18.4,15.2,73,9.8,157.5,5,0
21,2021-2-21,1017.8,22.8,18.9,15.9,80,9.6,157.5,5,0
22,2021-2-22,1016.1,24.3,20.4,17.4,81,9.1,180,6,0
23,2021-2-23,1015.2,25.2,20.7,17.6,80,9.6,135,7,0
24,2021-2-24,1014.2,24.9,19.9,18.3,80,5.4,90,13,0
25,2021-2-25,1011.2,23.7,20.1,19,85,3.1,90,10,0
26,2021-2-26,1010.1,23.4,20.9,19,90,0.1,112.5,6,21.2
27,2021-2-27,1014.5,19.1,16.4,15.6,91,0,22.5,12,7.8
28,2021-2-28,1015.8,21.7,18.7,16.1,86,2,22.5,10,0.1
1,2021-3-1,1016.5,22.7,20.4,19,89,0.5,157.5,6,0.4
2,2021-3-2,1019,22.3,19.5,16.2,72,7.9,337.5,13,0.1
3,2021-3-3,1020.3,19.5,18,17.2,82,0,90,15,0.1
4,2021-3-4,1018.1,18.5,18,16.9,93,0,90,9,4.8
5,2021-3-5,1015.8,20,19.3,18.3,96,0,157.5,8,3.2
6,2021-3-6,1016.2,21.3,20.2,19.5,98,0,157.5,7,1.6
7,2021-3-7,1019,20.2,19.1,18.2,96,0,22.5,7,0.8
8,2021-3-8,1020,21.1,19,18,85,3.2,90,13,0.4
9,2021-3-9,1020,24.2,19.8,18.3,81,6.3,90,11,0
10,2021-3-10,1020,22,19.4,18.8,83,1.1,90,14,0
11,2021-3-11,1019.9,23.3,20.4,18.4,83,4.5,90,11,0
12,2021-3-12,1018.7,27.2,21.9,18.9,81,9.2,22.5,6,0
13,2021-3-13,1018.6,23.6,21,19.8,81,4.8,90,11,0
14,2021-3-14,1016.6,23.7,21,19.7,81,9,90,9,0
15,2021-3-15,1014.9,24.9,21.6,20.2,82,7.4,90,8,0
16,2021-3-16,1013.6,26.3,22.7,20.4,84,8.9,157.5,6,0
17,2021-3-17,1013.2,27.2,23.4,21,86,9.3,157.5,5,0
18,2021-3-18,1013.3,24.4,22.5,21.8,92,2.2,90,9,0
19,2021-3-19,1012.5,25.5,23,21.8,89,4.5,157.5,8,0
20,2021-3-20,1011.1,27.9,23.9,21.5,84,8.6,157.5,6,0
21,2021-3-21,1016.4,23.4,19.5,15.8,76,0,360,13,0.1
22,2021-3-22,1023.2,18.9,16.6,14.6,62,0,360,18,0
23,2021-3-23,1020.9,20.1,17.8,17,59,0,22.5,9,0
24,2021-3-24,1016.9,22.2,19.5,16.4,66,1.8,22.5,8,0
25,2021-3-25,1016.6,23.9,21,19.6,74,4.4,90,10,0
26,2021-3-26,1015.6,24.9,20.9,18.9,78,7.7,90,13,0
27,2021-3-27,1012.4,25.2,22.2,20.9,88,1.6,135,6,0
28,2021-3-28,1009.8,27.7,23.8,20.9,86,7.1,180,6,0
29,2021-3-29,1007.2,27.7,24.6,22.8,87,3,180,9,0
30,2021-3-30,1006.1,27.9,25.1,23.7,88,5.9,180,12,0
31,2021-3-31,1006.4,27.5,25.2,23.8,87,4.3,157.5,14,0.1
1,2021-4-1,1007.6,27.8,25.2,24.1,87,7.9,180,11,0.1
2,2021-4-2,1010,28.7,25.5,24,87,6.3,157.5,8,0
3,2021-4-3,1011.6,30.4,26,23.5,81,4.6,180,5,0
4,2021-4-4,1013.8,29.1,24.2,21.2,84,0.1,22.5,8,2.2
5,2021-4-5,1017.6,22.3,21.4,20,86,0,90,9,0.6
6,2021-4-6,1017.4,26.3,23,21,80,8.3,112.5,8,0
7,2021-4-7,1016,25.7,22.5,21.5,80,6,90,13,0
8,2021-4-8,1014.2,24.3,22.3,20.8,82,0.1,90,10,0.1
9,2021-4-9,1017,21.1,19.2,17.9,92,0,22.5,11,6
10,2021-4-10,1018.8,24.5,21.5,19.5,70,5.9,90,13,0
11,2021-4-11,1018.7,27.6,22.7,20.2,76,10.5,90,12,0
12,2021-4-12,1016.4,27.5,23.8,21.3,83,8.5,90,6,0
13,2021-4-13,1013.9,29.5,25,22.3,80,10.9,157.5,6,0
14,2021-4-14,1013.1,27.8,24.2,22.8,87,5.3,112.5,9,0.1
15,2021-4-15,1012.9,22.8,21.8,21.1,93,0,90,15,7.2
16,2021-4-16,1013.5,25.1,22.7,21.9,89,0.4,90,12,0.4
17,2021-4-17,1016,22.7,22,21.5,93,0,90,7,7.4
18,2021-4-18,1015.4,24.7,22.4,21.6,72,1.2,90,17,0.1
19,2021-4-19,1013.3,22.6,21.4,20.8,71,0,90,20,0.1
20,2021-4-20,1013,24.9,22.1,20.5,78,3,90,14,0.1
21,2021-4-21,1012.7,26.5,23.4,21.5,78,10.8,90,9,0
22,2021-4-22,1010.4,28.4,24,21.5,78,11,157.5,8,0
23,2021-4-23,1008.1,31.4,26.2,22.5,77,11,202.5,6,0
24,2021-4-24,1010.8,27.1,24.8,23.5,86,4.6,112.5,9,0
25,2021-4-25,1012,26.8,24.2,22.7,90,0.2,112.5,9,0
26,2021-4-26,1013.9,23.5,22.5,21.5,84,0,90,19,0.6
27,2021-4-27,1014.5,22.8,22.3,21.7,96,0,90,10,60.2
28,2021-4-28,1015,25.6,23.1,20.3,92,0,90,9,6.4
29,2021-4-29,1013.8,27.7,22.8,19.5,76,2.7,22.5,9,0.2
30,2021-4-30,1012.8,28.8,24.3,21.1,80,7.4,180,6,0
1,2021-5-1,1012.4,29.4,25.3,22.4,81,4,225,6,0
2,2021-5-2,1013,29.8,25.7,23.2,86,1.5,157.5,6,1.6
3,2021-5-3,1012.4,26.1,23.9,22.1,88,0.5,112.5,12,4.4
4,2021-5-4,1011.2,30.6,25.6,22.2,89,6.5,180,9,6.4
5,2021-5-5,1013.2,29.9,25.6,22.1,84,5.5,22.5,8,0.6
6,2021-5-6,1015.3,26.9,24.4,22.9,86,6,90,12,0
7,2021-5-7,1013.5,29.2,25.7,23.1,82,9.1,157.5,7,0
8,2021-5-8,1009.9,30.9,26.9,24.2,82,10.2,225,8,0
9,2021-5-9,1009,30.5,27.1,25.6,83,6.6,180,9,0
10,2021-5-10,1008.7,31.4,27.5,25.2,81,9.3,180,11,0
11,2021-5-11,1008.3,31,28.1,26.4,81,11.2,180,13,0
12,2021-5-12,1008.3,29.5,27.7,26,88,5.2,180,10,11.6
13,2021-5-13,1008.5,30.8,28.4,27,84,6.7,157.5,12,0
14,2021-5-14,1009,30.4,28,26.4,86,8,157.5,13,6.2
15,2021-5-15,1009,31,28.4,26.7,81,11.2,157.5,12,0
16,2021-5-16,1009.1,31.7,28.5,26.8,81,11.6,157.5,12,0
17,2021-5-17,1009.8,31.9,28.7,27.2,83,8.4,180,10,0
18,2021-5-18,1009.2,30.7,28.5,25.3,83,10.1,180,11,4.2
19,2021-5-19,1007.9,30.9,28.5,26,81,10.9,180,12,1.8
20,2021-5-20,1008.1,31.9,28.8,27.4,81,5.2,180,11,0
21,2021-5-21,1007.8,31.2,28.9,27.4,81,11.8,180,11,0
22,2021-5-22,1007,31.9,29,27.1,81,11.5,157.5,12,0.2
23,2021-5-23,1007.8,32.8,29.3,27.1,80,11.8,157.5,11,1.8
24,2021-5-24,1009.8,31.4,28.6,26.3,83,4.1,180,7,2.4
25,2021-5-25,1010.3,30.9,28.2,24.7,84,6.8,157.5,7,29
26,2021-5-26,1009.5,31.4,28.5,25.8,81,10,180,9,4.4
27,2021-5-27,1009.7,31.6,29,27.1,78,11.3,180,9,0.1
28,2021-5-28,1009.8,31.3,28.9,27.5,80,10.1,180,9,1.2
29,2021-5-29,1007.2,31.2,28.8,27.5,82,6.4,180,11,0
30,2021-5-30,1005,32.3,29.2,27.7,83,8.6,180,12,0
31,2021-5-31,1004.2,30.9,28.6,25.9,87,0.9,180,10,0.1
1,2021-6-1,1006.4,27.9,25.4,22.8,95,0,157.5,10,288
2,2021-6-2,1007,29.2,26.7,22.8,90,0.1,180,7,5
3,2021-6-3,1006.4,31.4,28.7,26.6,84,11.2,157.5,10,0.2
4,2021-6-4,1005,29,27,24.5,86,0.1,180,9,3.6
5,2021-6-5,1004.8,30.6,26.3,23.6,75,2.3,360,6,0.1
6,2021-6-6,1004.7,31.6,28.1,25,72,9.2,22.5,6,0
7,2021-6-7,1007.3,29.9,27.5,25.8,82,9.4,90,10,0
8,2021-6-8,1008,32.1,28.3,25.7,81,8.1,90,8,0
9,2021-6-9,1007.3,29.8,27,25,87,5.2,90,8,9
10,2021-6-10,1005.7,31.1,28,25,85,9.1,90,12,4.2
11,2021-6-11,1005.3,32.4,28.4,26.1,82,9.4,90,15,4
12,2021-6-12,1007.2,29.1,27.2,25,90,1.5,90,15,18.2
13,2021-6-13,1008.2,30,27.3,25.5,91,0.1,157.5,11,24.2
14,2021-6-14,1005.9,30.7,28.3,26.9,86,6.9,157.5,12,0.2
15,2021-6-15,1004.3,31.8,28.6,27.3,84,8.1,180,10,0.1
16,2021-6-16,1006.1,30.4,29,27.9,84,10.2,180,14,0.1
17,2021-6-17,1007.7,31.2,29.2,27.9,82,11.4,180,11,0
18,2021-6-18,1006.9,31.8,29.4,28.1,82,11.5,202.5,11,0
19,2021-6-19,1004.6,31.6,29.4,28,83,11.9,180,12,0.1
20,2021-6-20,1002.8,31.6,29.6,28.1,84,7.5,180,11,0
21,2021-6-21,1003,32.1,29.6,28.4,84,7,180,9,0.1
22,2021-6-22,1005.1,29.2,26.5,23.1,89,0.3,202.5,8,40.8
23,2021-6-23,1006,26,25,23.4,91,0,180,8,74.2
24,2021-6-24,1006,26.3,25.1,23.4,93,0,180,5,90
25,2021-6-25,1006.3,27.7,25.8,24.3,91,0.3,157.5,7,7.6
26,2021-6-26,1007,29.7,27.6,25.1,89,0.4,180,9,5.8
27,2021-6-27,1006.2,31.2,28.8,27.8,87,4.1,202.5,10,0
28,2021-6-28,1004.8,29.4,27.7,24.4,91,0,180,10,98.8
29,2021-6-29,1005,29.9,28.4,27.6,88,0.2,180,12,6
30,2021-6-30,1005.9,30.6,28.8,27.8,86,5,180,14,0
1,2021-7-1,1006,30.6,28.9,28,85,7.1,180,13,0
2,2021-7-2,1006.5,31.6,29.2,27.9,84,8.4,180,13,0.1
3,2021-7-3,1006.3,30.7,28.8,27.8,88,5.2,180,12,1
4,2021-7-4,1007.2,32,29.3,27.5,82,10.7,180,9,0
5,2021-7-5,1007.5,32.2,29.1,26.8,82,10.2,90,13,3.8
6,2021-7-6,1006.4,32,29,27.5,81,8.7,90,13,0.1
7,2021-7-7,1008.8,31.3,28.6,26,82,8.3,90,13,4
8,2021-7-8,1011.3,31.5,28.7,25.2,82,10.6,157.5,9,8.6
9,2021-7-9,1010.6,32.9,29.3,26.6,78,12.1,157.5,6,0
10,2021-7-10,1010.5,31.8,29.1,26.6,80,10.3,90,7,0
11,2021-7-11,1011.2,32.4,29.4,27.2,80,10.4,135,7,0.2
12,2021-7-12,1010.3,32.1,29.5,27.4,79,10.7,157.5,8,0.2
13,2021-7-13,1008.6,33.6,29.6,27.3,77,10.4,180,7,0
14,2021-7-14,1008.4,33.4,30.1,27.7,74,11.2,157.5,7,0.2
15,2021-7-15,1009.1,32.8,30,27.8,75,12,157.5,7,0.1
16,2021-7-16,1008.7,33.2,28.9,26.1,80,2.1,157.5,6,9.2
17,2021-7-17,1006,32.8,27.7,25.1,82,4.9,90,8,0.2
18,2021-7-18,1003.4,30.7,27.3,24.5,84,0.4,90,10,9.8
19,2021-7-19,1002,26.9,25.9,24.7,94,0,67.5,21,60
20,2021-7-20,1002.2,28,25.9,24.2,93,0,90,15,59
21,2021-7-21,1002.7,26.8,26.3,24.4,94,0,112.5,11,35.2
22,2021-7-22,1001.4,30.8,27.6,26,89,6.1,90,7,2.2
23,2021-7-23,998.7,34.9,29.9,26.1,80,11.8,225,6,0
24,2021-7-24,998.1,35.1,30,25.2,80,7.4,202.5,7,9.2
25,2021-7-25,999.5,32.9,29.3,26.1,81,6.9,202.5,7,0.6
26,2021-7-26,998.3,32.9,29.7,27.6,80,8.8,225,7,0.1
27,2021-7-27,997,35.8,31.3,28.8,76,9.5,270,7,0
28,2021-7-28,997.8,34.9,29.2,26.4,81,5,225,7,0.2
29,2021-7-29,1000.2,32.5,28.1,24.5,86,1.5,225,4,53.2
30,2021-7-30,1001.4,29.4,27.7,25.1,89,0.5,202.5,7,6
31,2021-7-31,1000.4,32.4,28.9,27.1,87,3.4,202.5,7,4.8
1,2021-8-1,998.8,32.2,27.8,23.3,87,2.2,202.5,6,95.6
2,2021-8-2,998.5,32.2,28.4,26.3,86,3.9,180,5,1.8
3,2021-8-3,997,30.6,27.7,25.5,88,1.9,45,11,24.4
4,2021-8-4,996.3,32.4,27.9,25.5,86,3.8,315,11,15.4
5,2021-8-5,996.6,29.8,27,25.3,90,0.6,247.5,8,18
6,2021-8-6,998.4,29.1,27.7,26.4,88,0,225,8,2.8
7,2021-8-7,1001.4,33.2,28.7,26.9,84,3.3,225,7,0.1
8,2021-8-8,1004.3,32.4,28.8,26.6,86,4,202.5,7,0.1
9,2021-8-9,1005.2,30.3,27.8,24.3,90,2.3,180,9,27.4
10,2021-8-10,1005.7,30.1,28.4,26.7,91,0.4,180,10,1.4
11,2021-8-11,1008.2,31.7,28.1,23.9,87,5,157.5,9,10.6
12,2021-8-12,1009,31.1,28.1,26.1,84,7.3,180,6,0.2
13,2021-8-13,1006.2,29.8,27.8,25.6,87,2.5,180,7,4.2
14,2021-8-14,1006.3,28.6,26.6,24.6,89,0.2,180,8,24
15,2021-8-15,1010,29,26.3,24.4,91,0.2,180,7,4.8
16,2021-8-16,1012.6,30.2,26.7,24.6,89,3.9,180,6,17.2
17,2021-8-17,1010.7,32.1,28.6,26.4,82,10.2,180,6,0
18,2021-8-18,1008.4,32.5,28.8,26.9,81,6.5,180,6,0
19,2021-8-19,1008.8,30.1,27.8,24.2,84,2.1,225,6,13.6
20,2021-8-20,1009.6,31.8,28.6,25.1,79,9.4,180,7,1.8
21,2021-8-21,1008.7,32.3,28.9,27.1,79,10.9,202.5,8,0
22,2021-8-22,1007.4,32.4,29.2,27.4,78,11.6,180,9,0
23,2021-8-23,1007.2,31.8,29,27.2,78,11.3,180,9,0.1
24,2021-8-24,1007.7,30.9,28.6,25.3,83,8.5,180,9,6
25,2021-8-25,1009,31.6,28.7,27.2,81,9.2,157.5,8,0
26,2021-8-26,1011,31.5,29,27.3,80,10.9,157.5,7,0
27,2021-8-27,1012,29.8,25.5,21.5,85,1,22.5,8,26.8
28,2021-8-28,1011.7,31,26.7,23.7,80,7.8,90,9,3.6
29,2021-8-29,1011.4,27.5,26,23.4,86,0,90,8,11
30,2021-8-30,1011.7,32.1,27.7,24.6,83,9.3,112.5,8,2.6
31,2021-8-31,1011.3,31.3,27.1,24.3,86,3,22.5,7,9.6
1,2021-9-1,1010.1,30.1,27.3,25.9,87,2.6,90,11,1.2
2,2021-9-2,1009.2,31.1,28.2,26.6,84,10.8,90,11,0
3,2021-9-3,1007.6,31.5,28.8,26.5,80,10.4,157.5,7,0
4,2021-9-4,1008.4,31.7,28.8,25.6,79,10.6,157.5,8,2.4
5,2021-9-5,1010.2,31.8,28.7,26.9,80,7.9,135,6,2.2
6,2021-9-6,1010.8,33.2,29.2,26.6,77,8.3,112.5,6,0
7,2021-9-7,1010.5,33.1,28.9,26.9,81,9.8,45,9,0
8,2021-9-8,1009.7,33.1,29.2,27.1,79,10.7,157.5,6,0
9,2021-9-9,1009.5,34.7,29.5,26.3,77,10.1,157.5,6,0
10,2021-9-10,1008.5,33,29.4,27.4,75,10.6,112.5,7,0
11,2021-9-11,1004.8,34.2,29.8,27.2,80,6.8,225,6,0.1
12,2021-9-12,1002.3,35.5,30.5,28.1,78,8.4,202.5,7,0.1
13,2021-9-13,1006.9,33.8,29.6,28.3,81,2.8,225,6,0.1
14,2021-9-14,1011.7,32.9,28.1,25.9,85,3.7,180,5,17.8
15,2021-9-15,1011.7,34.4,29.6,25.5,77,10.5,315,6,0
16,2021-9-16,1009.9,34,28.3,23.3,78,5.1,292.5,8,13.4
17,2021-9-17,1009.5,33.2,28.4,25.9,79,4.1,247.5,6,0.8
18,2021-9-18,1011.2,31.2,28.7,24.2,83,8.3,90,10,5
19,2021-9-19,1011.5,32.1,28.3,26,86,5.1,90,9,16.2
20,2021-9-20,1010.6,32.8,28.7,26.6,84,6,157.5,5,0.8
21,2021-9-21,1009.8,32.8,28.8,27.1,83,4,22.5,5,0.1
22,2021-9-22,1010.6,32.8,29.4,27.5,79,10.4,90,7,0
23,2021-9-23,1013,30.9,27.4,21.8,86,4.5,90,12,33.8
24,2021-9-24,1013.8,30.8,27.9,23.3,84,4.9,90,15,4.6
25,2021-9-25,1012.9,32.7,28.7,26.2,78,9.4,90,12,0.1
26,2021-9-26,1012.5,29,27.6,26.6,78,0.4,90,8,0.1
27,2021-9-27,1011.1,32.5,28.4,26,78,9.1,180,6,0
28,2021-9-28,1009.9,32.4,28.7,26.5,77,9.1,157.5,7,0
29,2021-9-29,1008.4,32.9,29.1,26.9,79,7,225,6,0
30,2021-9-30,1008.3,33.8,29.6,27.1,80,7.6,225,6,0.1
1,2021-10-1,1009.2,32.3,29.2,27.5,82,5.4,180,6,0
2,2021-10-2,1011.2,31.6,28.8,26.9,74,9.5,157.5,7,0
3,2021-10-3,1012.6,30.1,27.4,23.6,83,3.8,90,10,23.4
4,2021-10-4,1012.6,30.5,28.5,26.8,74,9.3,90,12,0
5,2021-10-5,1011.5,32.4,28.9,27,72,9.5,90,13,0
6,2021-10-6,1008.6,32.8,28.8,26.6,70,7.7,90,12,0
7,2021-10-7,1005.6,31.7,28,24.6,78,2.2,45,16,8.6
8,2021-10-8,1004.2,26,24.7,23.7,96,0,45,20,180.4
9,2021-10-9,1004.1,27.5,25.8,24.7,92,0,90,31,42
10,2021-10-10,1008.2,26,24.5,22.6,96,0,90,15,244.4
11,2021-10-11,1006.3,30.8,26.4,23.4,75,10.1,360,14,0
12,2021-10-12,1002.5,26,22.9,20.8,69,2.6,360,19,0.1
13,2021-10-13,1002.1,26.5,23.6,21.4,92,0,--,--,61.4
14,2021-10-14,1009.3,29.8,26.4,24.6,89,4.2,--,--,2
15,2021-10-15,1010.7,26,24.2,23.1,90,0,--,--,2
16,2021-10-16,1014.3,28.2,24.4,21.8,82,8.2,360,16,0.1
17,2021-10-17,1018.4,25.2,22.3,20.4,75,2.5,22.5,24,0.1
18,2021-10-18,1018.7,25.6,22.1,19.2,74,8.2,22.5,14,0
19,2021-10-19,1018,28.8,24.8,21.5,77,9.8,22.5,8,0
20,2021-10-20,1016.1,28.3,25.9,24.3,81,9.8,90,10,0
21,2021-10-21,1015.5,28.9,22.3,17.9,88,1.3,360,11,5.6
22,2021-10-22,1020,18,17.1,15.8,87,0,360,17,0.4
23,2021-10-23,1020.8,19.8,17.9,16.6,81,0,360,14,0
24,2021-10-24,1019.5,23.9,20.2,17.1,76,7.3,360,15,0
25,2021-10-25,1017.3,25.5,21.4,18,70,8.4,360,13,0
26,2021-10-26,1016.2,27.5,23.4,19.8,71,7.1,360,9,0
27,2021-10-27,1017,27.8,24.4,22.8,81,2.4,22.5,8,0.1
28,2021-10-28,1018.2,27.5,24.1,22.6,82,0.5,22.5,10,0.4
29,2021-10-29,1018.5,28.8,24.4,22.2,83,5.6,90,10,0.2
30,2021-10-30,1019.3,24.8,22.5,20.7,85,0,360,11,0
31,2021-10-31,1019,26.7,22.6,20.7,81,2.3,22.5,13,0
1,2021-11-1,1018.7,27.8,23.8,21.9,82,6.2,90,10,0
2,2021-11-2,1018.2,28.1,24.2,23.4,81,5,90,13,0.1
3,2021-11-3,1016.9,26.4,24,22.6,82,4.3,90,10,0.1
4,2021-11-4,1015.2,28.3,24.5,23.1,82,7.5,90,10,0.1
5,2021-11-5,1012.7,27.4,24.7,23.7,89,4.2,90,8,0
6,2021-11-6,1010.4,29.2,25.5,23.5,83,7.2,157.5,6,0
7,2021-11-7,1012.4,28.1,25.2,23.2,87,9,112.5,6,0
8,2021-11-8,1018.1,24.5,18,15.1,71,9.5,360,23,1
9,2021-11-9,1019.9,22,18.1,15.1,46,7,360,18,0
10,2021-11-10,1019.2,22.7,19.3,16.8,43,9.1,360,18,0
11,2021-11-11,1018,24.5,20.3,17.3,47,6.3,22.5,12,0
12,2021-11-12,1019.2,25.2,21.2,18.7,49,8.6,22.5,13,0
13,2021-11-13,1018.5,24.2,20.7,18.1,50,9.6,360,14,0
14,2021-11-14,1018.6,24.9,20.8,17.7,58,9.8,22.5,11,0
15,2021-11-15,1017.4,26.3,21.5,18.9,67,6.4,22.5,9,0
16,2021-11-16,1017.3,26.3,21.8,19,69,6.5,22.5,12,0
17,2021-11-17,1017.5,26.5,22,19.5,72,5,22.5,12,0
18,2021-11-18,1014.9,24.9,21,17.8,70,9,360,11,0
19,2021-11-19,1012.6,27,21.9,18.4,77,5.8,360,7,0
20,2021-11-20,1013.1,25.3,22.7,21.2,82,8.4,90,12,0.1
21,2021-11-21,1014.3,25.1,22.8,21.8,87,2.5,90,9,0
22,2021-11-22,1017.7,22,17.9,15.4,80,0,360,18,0.2
23,2021-11-23,1021.7,16.2,15,13.8,65,0,360,21,0
24,2021-11-24,1020.8,21.6,17.6,15,58,7.5,360,13,0
25,2021-11-25,1018.6,23.6,19.3,16,58,7.5,360,11,0.1
26,2021-11-26,1018.8,24.4,20.2,16.7,57,9.5,360,12,0
27,2021-11-27,1020.4,24,20.3,17.3,61,8.7,22.5,12,0
28,2021-11-28,1019.9,24.6,20.5,17.5,68,9.5,22.5,12,0
29,2021-11-29,1017.8,25.8,21.3,18,62,9.4,22.5,13,0
30,2021-11-30,1019,24,20.1,16.5,60,9.3,360,20,0
